{
  "ABIRoot": {
    "kind": "Root",
    "name": "TopLevel",
    "printedName": "TopLevel",
    "children": [
      {
        "kind": "TypeDecl",
        "name": "OrderedSet",
        "printedName": "OrderedSet",
        "children": [
          {
            "kind": "Constructor",
            "name": "init",
            "printedName": "init()",
            "children": [
              {
                "kind": "TypeNominal",
                "name": "OrderedSet",
                "printedName": "OrderedSet.OrderedSet<τ_0_0>",
                "children": [
                  {
                    "kind": "TypeNominal",
                    "name": "GenericTypeParam",
                    "printedName": "τ_0_0"
                  }
                ],
                "usr": "s:10OrderedSetAAV"
              }
            ],
            "declKind": "Constructor",
            "usr": "s:10OrderedSetAAVAByxGycfc",
            "mangledName": "$s10OrderedSetAAVAByxGycfc",
            "moduleName": "OrderedSet",
            "genericSig": "<τ_0_0 where τ_0_0 : Swift.Hashable>",
            "sugared_genericSig": "<T where T : Swift.Hashable>",
            "declAttributes": [
              "AccessControl",
              "RawDocComment"
            ],
            "init_kind": "Designated"
          },
          {
            "kind": "Constructor",
            "name": "init",
            "printedName": "init(sequence:)",
            "children": [
              {
                "kind": "TypeNominal",
                "name": "OrderedSet",
                "printedName": "OrderedSet.OrderedSet<τ_0_0>",
                "children": [
                  {
                    "kind": "TypeNominal",
                    "name": "GenericTypeParam",
                    "printedName": "τ_0_0"
                  }
                ],
                "usr": "s:10OrderedSetAAV"
              },
              {
                "kind": "TypeNominal",
                "name": "GenericTypeParam",
                "printedName": "τ_1_0"
              }
            ],
            "declKind": "Constructor",
            "usr": "s:10OrderedSetAAV8sequenceAByxGqd___tc7ElementQyd__RszSTRd__lufc",
            "mangledName": "$s10OrderedSetAAV8sequenceAByxGqd___tc7ElementQyd__RszSTRd__lufc",
            "moduleName": "OrderedSet",
            "genericSig": "<τ_0_0, τ_1_0 where τ_0_0 : Swift.Hashable, τ_0_0 == τ_1_0.Element, τ_1_0 : Swift.Sequence>",
            "sugared_genericSig": "<T, S where T : Swift.Hashable, T == S.Element, S : Swift.Sequence>",
            "declAttributes": [
              "AccessControl",
              "RawDocComment"
            ],
            "init_kind": "Designated"
          },
          {
            "kind": "Constructor",
            "name": "init",
            "printedName": "init(arrayLiteral:)",
            "children": [
              {
                "kind": "TypeNominal",
                "name": "OrderedSet",
                "printedName": "OrderedSet.OrderedSet<τ_0_0>",
                "children": [
                  {
                    "kind": "TypeNominal",
                    "name": "GenericTypeParam",
                    "printedName": "τ_0_0"
                  }
                ],
                "usr": "s:10OrderedSetAAV"
              },
              {
                "kind": "TypeNominal",
                "name": "Array",
                "printedName": "[τ_0_0]",
                "children": [
                  {
                    "kind": "TypeNominal",
                    "name": "GenericTypeParam",
                    "printedName": "τ_0_0"
                  }
                ],
                "usr": "s:Sa"
              }
            ],
            "declKind": "Constructor",
            "usr": "s:10OrderedSetAAV12arrayLiteralAByxGxd_tcfc",
            "mangledName": "$s10OrderedSetAAV12arrayLiteralAByxGxd_tcfc",
            "moduleName": "OrderedSet",
            "genericSig": "<τ_0_0 where τ_0_0 : Swift.Hashable>",
            "sugared_genericSig": "<T where T : Swift.Hashable>",
            "declAttributes": [
              "AccessControl"
            ],
            "init_kind": "Designated"
          },
          {
            "kind": "Function",
            "name": "index",
            "printedName": "index(of:)",
            "children": [
              {
                "kind": "TypeNominal",
                "name": "Optional",
                "printedName": "Swift.Int?",
                "children": [
                  {
                    "kind": "TypeNominal",
                    "name": "Int",
                    "printedName": "Swift.Int",
                    "usr": "s:Si"
                  }
                ],
                "usr": "s:Sq"
              },
              {
                "kind": "TypeNominal",
                "name": "GenericTypeParam",
                "printedName": "τ_0_0"
              }
            ],
            "declKind": "Func",
            "usr": "s:10OrderedSetAAV5index2ofSiSgx_tF",
            "mangledName": "$s10OrderedSetAAV5index2ofSiSgx_tF",
            "moduleName": "OrderedSet",
            "genericSig": "<τ_0_0 where τ_0_0 : Swift.Hashable>",
            "sugared_genericSig": "<T where T : Swift.Hashable>",
            "declAttributes": [
              "AccessControl",
              "RawDocComment"
            ],
            "funcSelfKind": "NonMutating"
          },
          {
            "kind": "Function",
            "name": "append",
            "printedName": "append(_:)",
            "children": [
              {
                "kind": "TypeNominal",
                "name": "Void",
                "printedName": "()"
              },
              {
                "kind": "TypeNominal",
                "name": "GenericTypeParam",
                "printedName": "τ_0_0"
              }
            ],
            "declKind": "Func",
            "usr": "s:10OrderedSetAAV6appendyyxF",
            "mangledName": "$s10OrderedSetAAV6appendyyxF",
            "moduleName": "OrderedSet",
            "genericSig": "<τ_0_0 where τ_0_0 : Swift.Hashable>",
            "sugared_genericSig": "<T where T : Swift.Hashable>",
            "declAttributes": [
              "Mutating",
              "AccessControl",
              "RawDocComment"
            ],
            "funcSelfKind": "Mutating"
          },
          {
            "kind": "Function",
            "name": "append",
            "printedName": "append(contentsOf:)",
            "children": [
              {
                "kind": "TypeNominal",
                "name": "Void",
                "printedName": "()"
              },
              {
                "kind": "TypeNominal",
                "name": "GenericTypeParam",
                "printedName": "τ_1_0"
              }
            ],
            "declKind": "Func",
            "usr": "s:10OrderedSetAAV6append10contentsOfyqd___t7ElementQyd__RszSTRd__lF",
            "mangledName": "$s10OrderedSetAAV6append10contentsOfyqd___t7ElementQyd__RszSTRd__lF",
            "moduleName": "OrderedSet",
            "genericSig": "<τ_0_0, τ_1_0 where τ_0_0 : Swift.Hashable, τ_0_0 == τ_1_0.Element, τ_1_0 : Swift.Sequence>",
            "sugared_genericSig": "<T, S where T : Swift.Hashable, T == S.Element, S : Swift.Sequence>",
            "declAttributes": [
              "Mutating",
              "AccessControl",
              "RawDocComment"
            ],
            "funcSelfKind": "Mutating"
          },
          {
            "kind": "Function",
            "name": "remove",
            "printedName": "remove(_:)",
            "children": [
              {
                "kind": "TypeNominal",
                "name": "Optional",
                "printedName": "Swift.Int?",
                "children": [
                  {
                    "kind": "TypeNominal",
                    "name": "Int",
                    "printedName": "Swift.Int",
                    "usr": "s:Si"
                  }
                ],
                "usr": "s:Sq"
              },
              {
                "kind": "TypeNominal",
                "name": "GenericTypeParam",
                "printedName": "τ_0_0"
              }
            ],
            "declKind": "Func",
            "usr": "s:10OrderedSetAAV6removeySiSgxF",
            "mangledName": "$s10OrderedSetAAV6removeySiSgxF",
            "moduleName": "OrderedSet",
            "genericSig": "<τ_0_0 where τ_0_0 : Swift.Hashable>",
            "sugared_genericSig": "<T where T : Swift.Hashable>",
            "declAttributes": [
              "Mutating",
              "AccessControl",
              "DiscardableResult",
              "RawDocComment"
            ],
            "funcSelfKind": "Mutating"
          },
          {
            "kind": "Function",
            "name": "remove",
            "printedName": "remove(_:)",
            "children": [
              {
                "kind": "TypeNominal",
                "name": "Optional",
                "printedName": "[Swift.Int]?",
                "children": [
                  {
                    "kind": "TypeNominal",
                    "name": "Array",
                    "printedName": "[Swift.Int]",
                    "children": [
                      {
                        "kind": "TypeNominal",
                        "name": "Int",
                        "printedName": "Swift.Int",
                        "usr": "s:Si"
                      }
                    ],
                    "usr": "s:Sa"
                  }
                ],
                "usr": "s:Sq"
              },
              {
                "kind": "TypeNominal",
                "name": "GenericTypeParam",
                "printedName": "τ_1_0"
              }
            ],
            "declKind": "Func",
            "usr": "s:10OrderedSetAAV6removeySaySiGSgqd__7ElementQyd__RszSTRd__lF",
            "mangledName": "$s10OrderedSetAAV6removeySaySiGSgqd__7ElementQyd__RszSTRd__lF",
            "moduleName": "OrderedSet",
            "genericSig": "<τ_0_0, τ_1_0 where τ_0_0 : Swift.Hashable, τ_0_0 == τ_1_0.Element, τ_1_0 : Swift.Sequence>",
            "sugared_genericSig": "<T, S where T : Swift.Hashable, T == S.Element, S : Swift.Sequence>",
            "declAttributes": [
              "Mutating",
              "AccessControl",
              "DiscardableResult",
              "RawDocComment"
            ],
            "funcSelfKind": "Mutating"
          },
          {
            "kind": "Function",
            "name": "removeObject",
            "printedName": "removeObject(at:)",
            "children": [
              {
                "kind": "TypeNominal",
                "name": "Void",
                "printedName": "()"
              },
              {
                "kind": "TypeNominal",
                "name": "Int",
                "printedName": "Swift.Int",
                "usr": "s:Si"
              }
            ],
            "declKind": "Func",
            "usr": "s:10OrderedSetAAV12removeObject2atySi_tF",
            "mangledName": "$s10OrderedSetAAV12removeObject2atySi_tF",
            "moduleName": "OrderedSet",
            "genericSig": "<τ_0_0 where τ_0_0 : Swift.Hashable>",
            "sugared_genericSig": "<T where T : Swift.Hashable>",
            "declAttributes": [
              "Mutating",
              "AccessControl",
              "RawDocComment"
            ],
            "funcSelfKind": "Mutating"
          },
          {
            "kind": "Function",
            "name": "removeAllObjects",
            "printedName": "removeAllObjects()",
            "children": [
              {
                "kind": "TypeNominal",
                "name": "Void",
                "printedName": "()"
              }
            ],
            "declKind": "Func",
            "usr": "s:10OrderedSetAAV16removeAllObjectsyyF",
            "mangledName": "$s10OrderedSetAAV16removeAllObjectsyyF",
            "moduleName": "OrderedSet",
            "genericSig": "<τ_0_0 where τ_0_0 : Swift.Hashable>",
            "sugared_genericSig": "<T where T : Swift.Hashable>",
            "declAttributes": [
              "Mutating",
              "AccessControl",
              "RawDocComment"
            ],
            "funcSelfKind": "Mutating"
          },
          {
            "kind": "Function",
            "name": "swapObject",
            "printedName": "swapObject(_:with:)",
            "children": [
              {
                "kind": "TypeNominal",
                "name": "Void",
                "printedName": "()"
              },
              {
                "kind": "TypeNominal",
                "name": "GenericTypeParam",
                "printedName": "τ_0_0"
              },
              {
                "kind": "TypeNominal",
                "name": "GenericTypeParam",
                "printedName": "τ_0_0"
              }
            ],
            "declKind": "Func",
            "usr": "s:10OrderedSetAAV10swapObject_4withyx_xtF",
            "mangledName": "$s10OrderedSetAAV10swapObject_4withyx_xtF",
            "moduleName": "OrderedSet",
            "genericSig": "<τ_0_0 where τ_0_0 : Swift.Hashable>",
            "sugared_genericSig": "<T where T : Swift.Hashable>",
            "declAttributes": [
              "Mutating",
              "AccessControl",
              "RawDocComment"
            ],
            "funcSelfKind": "Mutating"
          },
          {
            "kind": "Function",
            "name": "intersects",
            "printedName": "intersects(_:)",
            "children": [
              {
                "kind": "TypeNominal",
                "name": "Bool",
                "printedName": "Swift.Bool",
                "usr": "s:Sb"
              },
              {
                "kind": "TypeNominal",
                "name": "GenericTypeParam",
                "printedName": "τ_1_0"
              }
            ],
            "declKind": "Func",
            "usr": "s:10OrderedSetAAV10intersectsySbqd__7ElementQyd__RszSTRd__lF",
            "mangledName": "$s10OrderedSetAAV10intersectsySbqd__7ElementQyd__RszSTRd__lF",
            "moduleName": "OrderedSet",
            "genericSig": "<τ_0_0, τ_1_0 where τ_0_0 : Swift.Hashable, τ_0_0 == τ_1_0.Element, τ_1_0 : Swift.Sequence>",
            "sugared_genericSig": "<T, S where T : Swift.Hashable, T == S.Element, S : Swift.Sequence>",
            "declAttributes": [
              "AccessControl",
              "RawDocComment"
            ],
            "funcSelfKind": "NonMutating"
          },
          {
            "kind": "Function",
            "name": "isSubset",
            "printedName": "isSubset(of:)",
            "children": [
              {
                "kind": "TypeNominal",
                "name": "Bool",
                "printedName": "Swift.Bool",
                "usr": "s:Sb"
              },
              {
                "kind": "TypeNominal",
                "name": "GenericTypeParam",
                "printedName": "τ_1_0"
              }
            ],
            "declKind": "Func",
            "usr": "s:10OrderedSetAAV8isSubset2ofSbqd___t7ElementQyd__RszSTRd__lF",
            "mangledName": "$s10OrderedSetAAV8isSubset2ofSbqd___t7ElementQyd__RszSTRd__lF",
            "moduleName": "OrderedSet",
            "genericSig": "<τ_0_0, τ_1_0 where τ_0_0 : Swift.Hashable, τ_0_0 == τ_1_0.Element, τ_1_0 : Swift.Sequence>",
            "sugared_genericSig": "<T, S where T : Swift.Hashable, T == S.Element, S : Swift.Sequence>",
            "declAttributes": [
              "AccessControl",
              "RawDocComment"
            ],
            "funcSelfKind": "NonMutating"
          },
          {
            "kind": "Function",
            "name": "moveObject",
            "printedName": "moveObject(_:toIndex:)",
            "children": [
              {
                "kind": "TypeNominal",
                "name": "Void",
                "printedName": "()"
              },
              {
                "kind": "TypeNominal",
                "name": "GenericTypeParam",
                "printedName": "τ_0_0"
              },
              {
                "kind": "TypeNominal",
                "name": "Int",
                "printedName": "Swift.Int",
                "usr": "s:Si"
              }
            ],
            "declKind": "Func",
            "usr": "s:10OrderedSetAAV10moveObject_7toIndexyx_SitF",
            "mangledName": "$s10OrderedSetAAV10moveObject_7toIndexyx_SitF",
            "moduleName": "OrderedSet",
            "genericSig": "<τ_0_0 where τ_0_0 : Swift.Hashable>",
            "sugared_genericSig": "<T where T : Swift.Hashable>",
            "declAttributes": [
              "Mutating",
              "AccessControl",
              "RawDocComment"
            ],
            "funcSelfKind": "Mutating"
          },
          {
            "kind": "Function",
            "name": "moveObject",
            "printedName": "moveObject(at:to:)",
            "children": [
              {
                "kind": "TypeNominal",
                "name": "Void",
                "printedName": "()"
              },
              {
                "kind": "TypeNominal",
                "name": "Int",
                "printedName": "Swift.Int",
                "usr": "s:Si"
              },
              {
                "kind": "TypeNominal",
                "name": "Int",
                "printedName": "Swift.Int",
                "usr": "s:Si"
              }
            ],
            "declKind": "Func",
            "usr": "s:10OrderedSetAAV10moveObject2at2toySi_SitF",
            "mangledName": "$s10OrderedSetAAV10moveObject2at2toySi_SitF",
            "moduleName": "OrderedSet",
            "genericSig": "<τ_0_0 where τ_0_0 : Swift.Hashable>",
            "sugared_genericSig": "<T where T : Swift.Hashable>",
            "declAttributes": [
              "Mutating",
              "AccessControl",
              "RawDocComment"
            ],
            "funcSelfKind": "Mutating"
          },
          {
            "kind": "Function",
            "name": "insert",
            "printedName": "insert(_:at:)",
            "children": [
              {
                "kind": "TypeNominal",
                "name": "Void",
                "printedName": "()"
              },
              {
                "kind": "TypeNominal",
                "name": "GenericTypeParam",
                "printedName": "τ_0_0"
              },
              {
                "kind": "TypeNominal",
                "name": "Int",
                "printedName": "Swift.Int",
                "usr": "s:Si"
              }
            ],
            "declKind": "Func",
            "usr": "s:10OrderedSetAAV6insert_2atyx_SitF",
            "mangledName": "$s10OrderedSetAAV6insert_2atyx_SitF",
            "moduleName": "OrderedSet",
            "genericSig": "<τ_0_0 where τ_0_0 : Swift.Hashable>",
            "sugared_genericSig": "<T where T : Swift.Hashable>",
            "declAttributes": [
              "Mutating",
              "AccessControl",
              "RawDocComment"
            ],
            "funcSelfKind": "Mutating"
          },
          {
            "kind": "Function",
            "name": "insert",
            "printedName": "insert(_:at:)",
            "children": [
              {
                "kind": "TypeNominal",
                "name": "Void",
                "printedName": "()"
              },
              {
                "kind": "TypeNominal",
                "name": "GenericTypeParam",
                "printedName": "τ_1_0"
              },
              {
                "kind": "TypeNominal",
                "name": "Int",
                "printedName": "Swift.Int",
                "usr": "s:Si"
              }
            ],
            "declKind": "Func",
            "usr": "s:10OrderedSetAAV6insert_2atyqd___Sit7ElementQyd__RszSTRd__lF",
            "mangledName": "$s10OrderedSetAAV6insert_2atyqd___Sit7ElementQyd__RszSTRd__lF",
            "moduleName": "OrderedSet",
            "genericSig": "<τ_0_0, τ_1_0 where τ_0_0 : Swift.Hashable, τ_0_0 == τ_1_0.Element, τ_1_0 : Swift.Sequence>",
            "sugared_genericSig": "<T, S where T : Swift.Hashable, T == S.Element, S : Swift.Sequence>",
            "declAttributes": [
              "Mutating",
              "AccessControl",
              "RawDocComment"
            ],
            "funcSelfKind": "Mutating"
          },
          {
            "kind": "Var",
            "name": "last",
            "printedName": "last",
            "children": [
              {
                "kind": "TypeNominal",
                "name": "Optional",
                "printedName": "τ_0_0?",
                "children": [
                  {
                    "kind": "TypeNominal",
                    "name": "GenericTypeParam",
                    "printedName": "τ_0_0"
                  }
                ],
                "usr": "s:Sq"
              }
            ],
            "declKind": "Var",
            "usr": "s:10OrderedSetAAV4lastxSgvp",
            "mangledName": "$s10OrderedSetAAV4lastxSgvp",
            "moduleName": "OrderedSet",
            "declAttributes": [
              "AccessControl",
              "RawDocComment"
            ],
            "accessors": [
              {
                "kind": "Accessor",
                "name": "Get",
                "printedName": "Get()",
                "children": [
                  {
                    "kind": "TypeNominal",
                    "name": "Optional",
                    "printedName": "τ_0_0?",
                    "children": [
                      {
                        "kind": "TypeNominal",
                        "name": "GenericTypeParam",
                        "printedName": "τ_0_0"
                      }
                    ],
                    "usr": "s:Sq"
                  }
                ],
                "declKind": "Accessor",
                "usr": "s:10OrderedSetAAV4lastxSgvg",
                "mangledName": "$s10OrderedSetAAV4lastxSgvg",
                "moduleName": "OrderedSet",
                "genericSig": "<τ_0_0 where τ_0_0 : Swift.Hashable>",
                "sugared_genericSig": "<T where T : Swift.Hashable>",
                "accessorKind": "get"
              }
            ]
          },
          {
            "kind": "Var",
            "name": "count",
            "printedName": "count",
            "children": [
              {
                "kind": "TypeNominal",
                "name": "Int",
                "printedName": "Swift.Int",
                "usr": "s:Si"
              }
            ],
            "declKind": "Var",
            "usr": "s:10OrderedSetAAV5countSivp",
            "mangledName": "$s10OrderedSetAAV5countSivp",
            "moduleName": "OrderedSet",
            "declAttributes": [
              "AccessControl"
            ],
            "isFromExtension": true,
            "accessors": [
              {
                "kind": "Accessor",
                "name": "Get",
                "printedName": "Get()",
                "children": [
                  {
                    "kind": "TypeNominal",
                    "name": "Int",
                    "printedName": "Swift.Int",
                    "usr": "s:Si"
                  }
                ],
                "declKind": "Accessor",
                "usr": "s:10OrderedSetAAV5countSivg",
                "mangledName": "$s10OrderedSetAAV5countSivg",
                "moduleName": "OrderedSet",
                "genericSig": "<τ_0_0 where τ_0_0 : Swift.Hashable>",
                "sugared_genericSig": "<T where T : Swift.Hashable>",
                "isFromExtension": true,
                "accessorKind": "get"
              }
            ]
          },
          {
            "kind": "Var",
            "name": "isEmpty",
            "printedName": "isEmpty",
            "children": [
              {
                "kind": "TypeNominal",
                "name": "Bool",
                "printedName": "Swift.Bool",
                "usr": "s:Sb"
              }
            ],
            "declKind": "Var",
            "usr": "s:10OrderedSetAAV7isEmptySbvp",
            "mangledName": "$s10OrderedSetAAV7isEmptySbvp",
            "moduleName": "OrderedSet",
            "declAttributes": [
              "AccessControl"
            ],
            "isFromExtension": true,
            "accessors": [
              {
                "kind": "Accessor",
                "name": "Get",
                "printedName": "Get()",
                "children": [
                  {
                    "kind": "TypeNominal",
                    "name": "Bool",
                    "printedName": "Swift.Bool",
                    "usr": "s:Sb"
                  }
                ],
                "declKind": "Accessor",
                "usr": "s:10OrderedSetAAV7isEmptySbvg",
                "mangledName": "$s10OrderedSetAAV7isEmptySbvg",
                "moduleName": "OrderedSet",
                "genericSig": "<τ_0_0 where τ_0_0 : Swift.Hashable>",
                "sugared_genericSig": "<T where T : Swift.Hashable>",
                "isFromExtension": true,
                "accessorKind": "get"
              }
            ]
          },
          {
            "kind": "Var",
            "name": "first",
            "printedName": "first",
            "children": [
              {
                "kind": "TypeNominal",
                "name": "Optional",
                "printedName": "τ_0_0?",
                "children": [
                  {
                    "kind": "TypeNominal",
                    "name": "GenericTypeParam",
                    "printedName": "τ_0_0"
                  }
                ],
                "usr": "s:Sq"
              }
            ],
            "declKind": "Var",
            "usr": "s:10OrderedSetAAV5firstxSgvp",
            "mangledName": "$s10OrderedSetAAV5firstxSgvp",
            "moduleName": "OrderedSet",
            "declAttributes": [
              "AccessControl"
            ],
            "isFromExtension": true,
            "accessors": [
              {
                "kind": "Accessor",
                "name": "Get",
                "printedName": "Get()",
                "children": [
                  {
                    "kind": "TypeNominal",
                    "name": "Optional",
                    "printedName": "τ_0_0?",
                    "children": [
                      {
                        "kind": "TypeNominal",
                        "name": "GenericTypeParam",
                        "printedName": "τ_0_0"
                      }
                    ],
                    "usr": "s:Sq"
                  }
                ],
                "declKind": "Accessor",
                "usr": "s:10OrderedSetAAV5firstxSgvg",
                "mangledName": "$s10OrderedSetAAV5firstxSgvg",
                "moduleName": "OrderedSet",
                "genericSig": "<τ_0_0 where τ_0_0 : Swift.Hashable>",
                "sugared_genericSig": "<T where T : Swift.Hashable>",
                "isFromExtension": true,
                "accessorKind": "get"
              }
            ]
          },
          {
            "kind": "Function",
            "name": "index",
            "printedName": "index(after:)",
            "children": [
              {
                "kind": "TypeNominal",
                "name": "Int",
                "printedName": "Swift.Int",
                "usr": "s:Si"
              },
              {
                "kind": "TypeNominal",
                "name": "Int",
                "printedName": "Swift.Int",
                "usr": "s:Si"
              }
            ],
            "declKind": "Func",
            "usr": "s:10OrderedSetAAV5index5afterS2i_tF",
            "mangledName": "$s10OrderedSetAAV5index5afterS2i_tF",
            "moduleName": "OrderedSet",
            "genericSig": "<τ_0_0 where τ_0_0 : Swift.Hashable>",
            "sugared_genericSig": "<T where T : Swift.Hashable>",
            "declAttributes": [
              "AccessControl"
            ],
            "isFromExtension": true,
            "funcSelfKind": "NonMutating"
          },
          {
            "kind": "Var",
            "name": "startIndex",
            "printedName": "startIndex",
            "children": [
              {
                "kind": "TypeNominal",
                "name": "Int",
                "printedName": "Swift.Int",
                "usr": "s:Si"
              }
            ],
            "declKind": "Var",
            "usr": "s:10OrderedSetAAV10startIndexSivp",
            "mangledName": "$s10OrderedSetAAV10startIndexSivp",
            "moduleName": "OrderedSet",
            "declAttributes": [
              "AccessControl"
            ],
            "isFromExtension": true,
            "accessors": [
              {
                "kind": "Accessor",
                "name": "Get",
                "printedName": "Get()",
                "children": [
                  {
                    "kind": "TypeNominal",
                    "name": "Int",
                    "printedName": "Swift.Int",
                    "usr": "s:Si"
                  }
                ],
                "declKind": "Accessor",
                "usr": "s:10OrderedSetAAV10startIndexSivg",
                "mangledName": "$s10OrderedSetAAV10startIndexSivg",
                "moduleName": "OrderedSet",
                "genericSig": "<τ_0_0 where τ_0_0 : Swift.Hashable>",
                "sugared_genericSig": "<T where T : Swift.Hashable>",
                "isFromExtension": true,
                "accessorKind": "get"
              }
            ]
          },
          {
            "kind": "Var",
            "name": "endIndex",
            "printedName": "endIndex",
            "children": [
              {
                "kind": "TypeNominal",
                "name": "Int",
                "printedName": "Swift.Int",
                "usr": "s:Si"
              }
            ],
            "declKind": "Var",
            "usr": "s:10OrderedSetAAV8endIndexSivp",
            "mangledName": "$s10OrderedSetAAV8endIndexSivp",
            "moduleName": "OrderedSet",
            "declAttributes": [
              "AccessControl"
            ],
            "isFromExtension": true,
            "accessors": [
              {
                "kind": "Accessor",
                "name": "Get",
                "printedName": "Get()",
                "children": [
                  {
                    "kind": "TypeNominal",
                    "name": "Int",
                    "printedName": "Swift.Int",
                    "usr": "s:Si"
                  }
                ],
                "declKind": "Accessor",
                "usr": "s:10OrderedSetAAV8endIndexSivg",
                "mangledName": "$s10OrderedSetAAV8endIndexSivg",
                "moduleName": "OrderedSet",
                "genericSig": "<τ_0_0 where τ_0_0 : Swift.Hashable>",
                "sugared_genericSig": "<T where T : Swift.Hashable>",
                "isFromExtension": true,
                "accessorKind": "get"
              }
            ]
          },
          {
            "kind": "Subscript",
            "name": "subscript",
            "printedName": "subscript(_:)",
            "children": [
              {
                "kind": "TypeNominal",
                "name": "GenericTypeParam",
                "printedName": "τ_0_0"
              },
              {
                "kind": "TypeNominal",
                "name": "Int",
                "printedName": "Swift.Int",
                "usr": "s:Si"
              }
            ],
            "declKind": "Subscript",
            "usr": "s:10OrderedSetAAVyxSicip",
            "mangledName": "$s10OrderedSetAAVyxSicip",
            "moduleName": "OrderedSet",
            "genericSig": "<τ_0_0 where τ_0_0 : Swift.Hashable>",
            "sugared_genericSig": "<T where T : Swift.Hashable>",
            "declAttributes": [
              "AccessControl"
            ],
            "isFromExtension": true,
            "accessors": [
              {
                "kind": "Accessor",
                "name": "Get",
                "printedName": "Get()",
                "children": [
                  {
                    "kind": "TypeNominal",
                    "name": "GenericTypeParam",
                    "printedName": "τ_0_0"
                  },
                  {
                    "kind": "TypeNominal",
                    "name": "Int",
                    "printedName": "Swift.Int",
                    "usr": "s:Si"
                  }
                ],
                "declKind": "Accessor",
                "usr": "s:10OrderedSetAAVyxSicig",
                "mangledName": "$s10OrderedSetAAVyxSicig",
                "moduleName": "OrderedSet",
                "genericSig": "<τ_0_0 where τ_0_0 : Swift.Hashable>",
                "sugared_genericSig": "<T where T : Swift.Hashable>",
                "isFromExtension": true,
                "accessorKind": "get"
              },
              {
                "kind": "Accessor",
                "name": "Set",
                "printedName": "Set()",
                "children": [
                  {
                    "kind": "TypeNominal",
                    "name": "Void",
                    "printedName": "()"
                  },
                  {
                    "kind": "TypeNominal",
                    "name": "GenericTypeParam",
                    "printedName": "τ_0_0"
                  },
                  {
                    "kind": "TypeNominal",
                    "name": "Int",
                    "printedName": "Swift.Int",
                    "usr": "s:Si"
                  }
                ],
                "declKind": "Accessor",
                "usr": "s:10OrderedSetAAVyxSicis",
                "mangledName": "$s10OrderedSetAAVyxSicis",
                "moduleName": "OrderedSet",
                "genericSig": "<τ_0_0 where τ_0_0 : Swift.Hashable>",
                "sugared_genericSig": "<T where T : Swift.Hashable>",
                "isFromExtension": true,
                "accessorKind": "set"
              },
              {
                "kind": "Accessor",
                "name": "Modify",
                "printedName": "Modify()",
                "children": [
                  {
                    "kind": "TypeNominal",
                    "name": "Void",
                    "printedName": "()"
                  },
                  {
                    "kind": "TypeNominal",
                    "name": "Int",
                    "printedName": "Swift.Int",
                    "usr": "s:Si"
                  }
                ],
                "declKind": "Accessor",
                "usr": "s:10OrderedSetAAVyxSiciM",
                "mangledName": "$s10OrderedSetAAVyxSiciM",
                "moduleName": "OrderedSet",
                "genericSig": "<τ_0_0 where τ_0_0 : Swift.Hashable>",
                "sugared_genericSig": "<T where T : Swift.Hashable>",
                "implicit": true,
                "isFromExtension": true,
                "accessorKind": "_modify"
              }
            ]
          },
          {
            "kind": "Var",
            "name": "description",
            "printedName": "description",
            "children": [
              {
                "kind": "TypeNominal",
                "name": "String",
                "printedName": "Swift.String",
                "usr": "s:SS"
              }
            ],
            "declKind": "Var",
            "usr": "s:10OrderedSetAAV11descriptionSSvp",
            "mangledName": "$s10OrderedSetAAV11descriptionSSvp",
            "moduleName": "OrderedSet",
            "declAttributes": [
              "AccessControl"
            ],
            "isFromExtension": true,
            "accessors": [
              {
                "kind": "Accessor",
                "name": "Get",
                "printedName": "Get()",
                "children": [
                  {
                    "kind": "TypeNominal",
                    "name": "String",
                    "printedName": "Swift.String",
                    "usr": "s:SS"
                  }
                ],
                "declKind": "Accessor",
                "usr": "s:10OrderedSetAAV11descriptionSSvg",
                "mangledName": "$s10OrderedSetAAV11descriptionSSvg",
                "moduleName": "OrderedSet",
                "genericSig": "<τ_0_0 where τ_0_0 : Swift.Hashable>",
                "sugared_genericSig": "<T where T : Swift.Hashable>",
                "isFromExtension": true,
                "accessorKind": "get"
              }
            ]
          }
        ],
        "declKind": "Struct",
        "usr": "s:10OrderedSetAAV",
        "mangledName": "$s10OrderedSetAAV",
        "moduleName": "OrderedSet",
        "genericSig": "<τ_0_0 where τ_0_0 : Swift.Hashable>",
        "sugared_genericSig": "<T where T : Swift.Hashable>",
        "declAttributes": [
          "AccessControl",
          "RawDocComment"
        ],
        "conformances": [
          {
            "kind": "Conformance",
            "name": "ExpressibleByArrayLiteral",
            "printedName": "ExpressibleByArrayLiteral",
            "children": [
              {
                "kind": "TypeWitness",
                "name": "ArrayLiteralElement",
                "printedName": "ArrayLiteralElement",
                "children": [
                  {
                    "kind": "TypeNominal",
                    "name": "GenericTypeParam",
                    "printedName": "τ_0_0"
                  }
                ]
              }
            ],
            "usr": "s:s25ExpressibleByArrayLiteralP",
            "mangledName": "$ss25ExpressibleByArrayLiteralP"
          },
          {
            "kind": "Conformance",
            "name": "Equatable",
            "printedName": "Equatable",
            "usr": "s:SQ",
            "mangledName": "$sSQ"
          },
          {
            "kind": "Conformance",
            "name": "CustomStringConvertible",
            "printedName": "CustomStringConvertible",
            "usr": "s:s23CustomStringConvertibleP",
            "mangledName": "$ss23CustomStringConvertibleP"
          },
          {
            "kind": "Conformance",
            "name": "RandomAccessCollection",
            "printedName": "RandomAccessCollection",
            "children": [
              {
                "kind": "TypeWitness",
                "name": "Element",
                "printedName": "Element",
                "children": [
                  {
                    "kind": "TypeNominal",
                    "name": "GenericTypeParam",
                    "printedName": "τ_0_0"
                  }
                ]
              },
              {
                "kind": "TypeWitness",
                "name": "Index",
                "printedName": "Index",
                "children": [
                  {
                    "kind": "TypeNominal",
                    "name": "Int",
                    "printedName": "Swift.Int",
                    "usr": "s:Si"
                  }
                ]
              },
              {
                "kind": "TypeWitness",
                "name": "SubSequence",
                "printedName": "SubSequence",
                "children": [
                  {
                    "kind": "TypeNominal",
                    "name": "Slice",
                    "printedName": "Swift.Slice<OrderedSet.OrderedSet<τ_0_0>>",
                    "children": [
                      {
                        "kind": "TypeNominal",
                        "name": "OrderedSet",
                        "printedName": "OrderedSet.OrderedSet<τ_0_0>",
                        "children": [
                          {
                            "kind": "TypeNominal",
                            "name": "GenericTypeParam",
                            "printedName": "τ_0_0"
                          }
                        ],
                        "usr": "s:10OrderedSetAAV"
                      }
                    ],
                    "usr": "s:s5SliceV"
                  }
                ]
              },
              {
                "kind": "TypeWitness",
                "name": "Indices",
                "printedName": "Indices",
                "children": [
                  {
                    "kind": "TypeNominal",
                    "name": "Range",
                    "printedName": "Swift.Range<Swift.Int>",
                    "children": [
                      {
                        "kind": "TypeNominal",
                        "name": "Int",
                        "printedName": "Swift.Int",
                        "usr": "s:Si"
                      }
                    ],
                    "usr": "s:Sn"
                  }
                ]
              }
            ],
            "usr": "s:Sk",
            "mangledName": "$sSk"
          },
          {
            "kind": "Conformance",
            "name": "BidirectionalCollection",
            "printedName": "BidirectionalCollection",
            "children": [
              {
                "kind": "TypeWitness",
                "name": "Element",
                "printedName": "Element",
                "children": [
                  {
                    "kind": "TypeNominal",
                    "name": "GenericTypeParam",
                    "printedName": "τ_0_0"
                  }
                ]
              },
              {
                "kind": "TypeWitness",
                "name": "Index",
                "printedName": "Index",
                "children": [
                  {
                    "kind": "TypeNominal",
                    "name": "Int",
                    "printedName": "Swift.Int",
                    "usr": "s:Si"
                  }
                ]
              },
              {
                "kind": "TypeWitness",
                "name": "SubSequence",
                "printedName": "SubSequence",
                "children": [
                  {
                    "kind": "TypeNominal",
                    "name": "Slice",
                    "printedName": "Swift.Slice<OrderedSet.OrderedSet<τ_0_0>>",
                    "children": [
                      {
                        "kind": "TypeNominal",
                        "name": "OrderedSet",
                        "printedName": "OrderedSet.OrderedSet<τ_0_0>",
                        "children": [
                          {
                            "kind": "TypeNominal",
                            "name": "GenericTypeParam",
                            "printedName": "τ_0_0"
                          }
                        ],
                        "usr": "s:10OrderedSetAAV"
                      }
                    ],
                    "usr": "s:s5SliceV"
                  }
                ]
              },
              {
                "kind": "TypeWitness",
                "name": "Indices",
                "printedName": "Indices",
                "children": [
                  {
                    "kind": "TypeNominal",
                    "name": "Range",
                    "printedName": "Swift.Range<Swift.Int>",
                    "children": [
                      {
                        "kind": "TypeNominal",
                        "name": "Int",
                        "printedName": "Swift.Int",
                        "usr": "s:Si"
                      }
                    ],
                    "usr": "s:Sn"
                  }
                ]
              }
            ],
            "usr": "s:SK",
            "mangledName": "$sSK"
          },
          {
            "kind": "Conformance",
            "name": "Collection",
            "printedName": "Collection",
            "children": [
              {
                "kind": "TypeWitness",
                "name": "Element",
                "printedName": "Element",
                "children": [
                  {
                    "kind": "TypeNominal",
                    "name": "GenericTypeParam",
                    "printedName": "τ_0_0"
                  }
                ]
              },
              {
                "kind": "TypeWitness",
                "name": "Index",
                "printedName": "Index",
                "children": [
                  {
                    "kind": "TypeNominal",
                    "name": "Int",
                    "printedName": "Swift.Int",
                    "usr": "s:Si"
                  }
                ]
              },
              {
                "kind": "TypeWitness",
                "name": "Iterator",
                "printedName": "Iterator",
                "children": [
                  {
                    "kind": "TypeNominal",
                    "name": "IndexingIterator",
                    "printedName": "Swift.IndexingIterator<OrderedSet.OrderedSet<τ_0_0>>",
                    "children": [
                      {
                        "kind": "TypeNominal",
                        "name": "OrderedSet",
                        "printedName": "OrderedSet.OrderedSet<τ_0_0>",
                        "children": [
                          {
                            "kind": "TypeNominal",
                            "name": "GenericTypeParam",
                            "printedName": "τ_0_0"
                          }
                        ],
                        "usr": "s:10OrderedSetAAV"
                      }
                    ],
                    "usr": "s:s16IndexingIteratorV"
                  }
                ]
              },
              {
                "kind": "TypeWitness",
                "name": "SubSequence",
                "printedName": "SubSequence",
                "children": [
                  {
                    "kind": "TypeNominal",
                    "name": "Slice",
                    "printedName": "Swift.Slice<OrderedSet.OrderedSet<τ_0_0>>",
                    "children": [
                      {
                        "kind": "TypeNominal",
                        "name": "OrderedSet",
                        "printedName": "OrderedSet.OrderedSet<τ_0_0>",
                        "children": [
                          {
                            "kind": "TypeNominal",
                            "name": "GenericTypeParam",
                            "printedName": "τ_0_0"
                          }
                        ],
                        "usr": "s:10OrderedSetAAV"
                      }
                    ],
                    "usr": "s:s5SliceV"
                  }
                ]
              },
              {
                "kind": "TypeWitness",
                "name": "Indices",
                "printedName": "Indices",
                "children": [
                  {
                    "kind": "TypeNominal",
                    "name": "Range",
                    "printedName": "Swift.Range<Swift.Int>",
                    "children": [
                      {
                        "kind": "TypeNominal",
                        "name": "Int",
                        "printedName": "Swift.Int",
                        "usr": "s:Si"
                      }
                    ],
                    "usr": "s:Sn"
                  }
                ]
              }
            ],
            "usr": "s:Sl",
            "mangledName": "$sSl"
          },
          {
            "kind": "Conformance",
            "name": "Sequence",
            "printedName": "Sequence",
            "children": [
              {
                "kind": "TypeWitness",
                "name": "Element",
                "printedName": "Element",
                "children": [
                  {
                    "kind": "TypeNominal",
                    "name": "GenericTypeParam",
                    "printedName": "τ_0_0"
                  }
                ]
              },
              {
                "kind": "TypeWitness",
                "name": "Iterator",
                "printedName": "Iterator",
                "children": [
                  {
                    "kind": "TypeNominal",
                    "name": "IndexingIterator",
                    "printedName": "Swift.IndexingIterator<OrderedSet.OrderedSet<τ_0_0>>",
                    "children": [
                      {
                        "kind": "TypeNominal",
                        "name": "OrderedSet",
                        "printedName": "OrderedSet.OrderedSet<τ_0_0>",
                        "children": [
                          {
                            "kind": "TypeNominal",
                            "name": "GenericTypeParam",
                            "printedName": "τ_0_0"
                          }
                        ],
                        "usr": "s:10OrderedSetAAV"
                      }
                    ],
                    "usr": "s:s16IndexingIteratorV"
                  }
                ]
              }
            ],
            "usr": "s:ST",
            "mangledName": "$sST"
          }
        ]
      },
      {
        "kind": "Function",
        "name": "+",
        "printedName": "+(_:_:)",
        "children": [
          {
            "kind": "TypeNominal",
            "name": "OrderedSet",
            "printedName": "OrderedSet.OrderedSet<τ_0_0>",
            "children": [
              {
                "kind": "TypeNominal",
                "name": "GenericTypeParam",
                "printedName": "τ_0_0"
              }
            ],
            "usr": "s:10OrderedSetAAV"
          },
          {
            "kind": "TypeNominal",
            "name": "OrderedSet",
            "printedName": "OrderedSet.OrderedSet<τ_0_0>",
            "children": [
              {
                "kind": "TypeNominal",
                "name": "GenericTypeParam",
                "printedName": "τ_0_0"
              }
            ],
            "usr": "s:10OrderedSetAAV"
          },
          {
            "kind": "TypeNominal",
            "name": "GenericTypeParam",
            "printedName": "τ_0_1"
          }
        ],
        "declKind": "Func",
        "usr": "s:10OrderedSet1poiyA2AVyxGAD_q_tSHRz7ElementQy_RszSTR_r0_lF",
        "mangledName": "$s10OrderedSet1poiyA2AVyxGAD_q_tSHRz7ElementQy_RszSTR_r0_lF",
        "moduleName": "OrderedSet",
        "genericSig": "<τ_0_0, τ_0_1 where τ_0_0 : Swift.Hashable, τ_0_0 == τ_0_1.Element, τ_0_1 : Swift.Sequence>",
        "sugared_genericSig": "<T, S where T : Swift.Hashable, T == S.Element, S : Swift.Sequence>",
        "declAttributes": [
          "AccessControl"
        ],
        "funcSelfKind": "NonMutating"
      },
      {
        "kind": "Function",
        "name": "+=",
        "printedName": "+=(_:_:)",
        "children": [
          {
            "kind": "TypeNominal",
            "name": "Void",
            "printedName": "()"
          },
          {
            "kind": "TypeNominal",
            "name": "OrderedSet",
            "printedName": "OrderedSet.OrderedSet<τ_0_0>",
            "children": [
              {
                "kind": "TypeNominal",
                "name": "GenericTypeParam",
                "printedName": "τ_0_0"
              }
            ],
            "paramValueOwnership": "InOut",
            "usr": "s:10OrderedSetAAV"
          },
          {
            "kind": "TypeNominal",
            "name": "GenericTypeParam",
            "printedName": "τ_0_1"
          }
        ],
        "declKind": "Func",
        "usr": "s:10OrderedSet2peoiyyA2AVyxGz_q_tSHRz7ElementQy_RszSTR_r0_lF",
        "mangledName": "$s10OrderedSet2peoiyyA2AVyxGz_q_tSHRz7ElementQy_RszSTR_r0_lF",
        "moduleName": "OrderedSet",
        "genericSig": "<τ_0_0, τ_0_1 where τ_0_0 : Swift.Hashable, τ_0_0 == τ_0_1.Element, τ_0_1 : Swift.Sequence>",
        "sugared_genericSig": "<T, S where T : Swift.Hashable, T == S.Element, S : Swift.Sequence>",
        "declAttributes": [
          "AccessControl"
        ],
        "funcSelfKind": "NonMutating"
      },
      {
        "kind": "Function",
        "name": "-",
        "printedName": "-(_:_:)",
        "children": [
          {
            "kind": "TypeNominal",
            "name": "OrderedSet",
            "printedName": "OrderedSet.OrderedSet<τ_0_0>",
            "children": [
              {
                "kind": "TypeNominal",
                "name": "GenericTypeParam",
                "printedName": "τ_0_0"
              }
            ],
            "usr": "s:10OrderedSetAAV"
          },
          {
            "kind": "TypeNominal",
            "name": "OrderedSet",
            "printedName": "OrderedSet.OrderedSet<τ_0_0>",
            "children": [
              {
                "kind": "TypeNominal",
                "name": "GenericTypeParam",
                "printedName": "τ_0_0"
              }
            ],
            "usr": "s:10OrderedSetAAV"
          },
          {
            "kind": "TypeNominal",
            "name": "GenericTypeParam",
            "printedName": "τ_0_1"
          }
        ],
        "declKind": "Func",
        "usr": "s:10OrderedSet1soiyA2AVyxGAD_q_tSHRz7ElementQy_RszSTR_r0_lF",
        "mangledName": "$s10OrderedSet1soiyA2AVyxGAD_q_tSHRz7ElementQy_RszSTR_r0_lF",
        "moduleName": "OrderedSet",
        "genericSig": "<τ_0_0, τ_0_1 where τ_0_0 : Swift.Hashable, τ_0_0 == τ_0_1.Element, τ_0_1 : Swift.Sequence>",
        "sugared_genericSig": "<T, S where T : Swift.Hashable, T == S.Element, S : Swift.Sequence>",
        "declAttributes": [
          "AccessControl"
        ],
        "funcSelfKind": "NonMutating"
      },
      {
        "kind": "Function",
        "name": "-=",
        "printedName": "-=(_:_:)",
        "children": [
          {
            "kind": "TypeNominal",
            "name": "Void",
            "printedName": "()"
          },
          {
            "kind": "TypeNominal",
            "name": "OrderedSet",
            "printedName": "OrderedSet.OrderedSet<τ_0_0>",
            "children": [
              {
                "kind": "TypeNominal",
                "name": "GenericTypeParam",
                "printedName": "τ_0_0"
              }
            ],
            "paramValueOwnership": "InOut",
            "usr": "s:10OrderedSetAAV"
          },
          {
            "kind": "TypeNominal",
            "name": "GenericTypeParam",
            "printedName": "τ_0_1"
          }
        ],
        "declKind": "Func",
        "usr": "s:10OrderedSet2seoiyyA2AVyxGz_q_tSHRz7ElementQy_RszSTR_r0_lF",
        "mangledName": "$s10OrderedSet2seoiyyA2AVyxGz_q_tSHRz7ElementQy_RszSTR_r0_lF",
        "moduleName": "OrderedSet",
        "genericSig": "<τ_0_0, τ_0_1 where τ_0_0 : Swift.Hashable, τ_0_0 == τ_0_1.Element, τ_0_1 : Swift.Sequence>",
        "sugared_genericSig": "<T, S where T : Swift.Hashable, T == S.Element, S : Swift.Sequence>",
        "declAttributes": [
          "AccessControl"
        ],
        "funcSelfKind": "NonMutating"
      },
      {
        "kind": "Function",
        "name": "==",
        "printedName": "==(_:_:)",
        "children": [
          {
            "kind": "TypeNominal",
            "name": "Bool",
            "printedName": "Swift.Bool",
            "usr": "s:Sb"
          },
          {
            "kind": "TypeNominal",
            "name": "OrderedSet",
            "printedName": "OrderedSet.OrderedSet<τ_0_0>",
            "children": [
              {
                "kind": "TypeNominal",
                "name": "GenericTypeParam",
                "printedName": "τ_0_0"
              }
            ],
            "usr": "s:10OrderedSetAAV"
          },
          {
            "kind": "TypeNominal",
            "name": "OrderedSet",
            "printedName": "OrderedSet.OrderedSet<τ_0_0>",
            "children": [
              {
                "kind": "TypeNominal",
                "name": "GenericTypeParam",
                "printedName": "τ_0_0"
              }
            ],
            "usr": "s:10OrderedSetAAV"
          }
        ],
        "declKind": "Func",
        "usr": "s:10OrderedSet2eeoiySbA2AVyxG_ADtSHRzlF",
        "mangledName": "$s10OrderedSet2eeoiySbA2AVyxG_ADtSHRzlF",
        "moduleName": "OrderedSet",
        "genericSig": "<τ_0_0 where τ_0_0 : Swift.Hashable>",
        "sugared_genericSig": "<T where T : Swift.Hashable>",
        "declAttributes": [
          "AccessControl"
        ],
        "funcSelfKind": "NonMutating"
      }
    ],
    "json_format_version": 8
  },
  "ConstValues": []
}